price;part
9 104,00 Kč bez DPH;02/202237P
25,00 Kč bez DPH;2401/0508
4 680,00 Kč bez DPH;04/500217-C
1 198,00 Kč bez DPH;334/U3029-D
1 724,00 Kč bez DPH;400/A0727-B
266,00 Kč bez DPH;400/D4133-C
610,00 Kč bez DPH;02/634247-C
149,00 Kč bez DPH;522/00102
2 666,00 Kč bez DPH;400/01256-C
1 731,00 Kč bez DPH;30/926328-C
178,00 Kč bez DPH;335/D3064-H
607,00 Kč bez DPH;4004/390
3 876,00 Kč bez DPH;123/02362-1
36,00 Kč bez DPH;828/00414PS
11 800,00 Kč bez DPH;02/634220-A
26,00 Kč bez DPH;231/98221-5
26,00 Kč bez DPH;231/98221-4
26,00 Kč bez DPH;231/98221-3
26,00 Kč bez DPH;231/98221-2
26,00 Kč bez DPH;231/98221-1
1 638,00 Kč bez DPH;02/630830-A
3 193,00 Kč bez DPH;400/01254-C
133,00 Kč bez DPH;333/H5679
88,00 Kč bez DPH;333/H5673
70,00 Kč bez DPH;333/H5671
595,00 Kč bez DPH;333/H5627
219,00 Kč bez DPH;333/H5622
2 606,00 Kč bez DPH;333/H5168
195,00 Kč bez DPH;KMV0144
320,00 Kč bez DPH;KMV0122
434,00 Kč bez DPH;991/20021
780,00 Kč bez DPH;02/634141-C
940,00 Kč bez DPH;32/400100-C
1 039,00 Kč bez DPH;17/912400-C1
4 100,00 Kč bez DPH;02/800675-A
2 280,00 Kč bez DPH;320/06624AC
4 980,00 Kč bez DPH;320/06624C
290,00 Kč bez DPH;KRH0781-A
1 180,00 Kč bez DPH;331/48323-B
1 820,00 Kč bez DPH;02/201321-C
1 580,00 Kč bez DPH;332/D5649
2 014,00 Kč bez DPH;17/105400-A
5 590,00 Kč bez DPH;17/105400
19,00 Kč bez DPH;828/10428
1 201,00 Kč bez DPH;02/634013-C
1 868,00 Kč bez DPH;333/H5601-C
46 032,00 Kč bez DPH;17/106300-C
390,00 Kč bez DPH;809/00186
1 280,00 Kč bez DPH;02/800829-C
64,00 Kč bez DPH;819/00100P
25,00 Kč bez DPH;140/00828P
64,00 Kč bez DPH;819/001002
25,00 Kč bez DPH;140/008281
25,00 Kč bez DPH;140/00826
69,00 Kč bez DPH;819/00094
49,00 Kč bez DPH;819/00097
16 816,00 Kč bez DPH;333/H8218-C
135,00 Kč bez DPH;813/50041
1 278,00 Kč bez DPH;907/09000-C
660,00 Kč bez DPH;907/20030-C
1 056,00 Kč bez DPH;332/J5060-B
149,00 Kč bez DPH;02/910171
460,00 Kč bez DPH;02/910879
738,00 Kč bez DPH;02/910875
190,00 Kč bez DPH;02/910886
159,00 Kč bez DPH;02/630823
127,00 Kč bez DPH;333/H2586
265,00 Kč bez DPH;02/201721P
1 830,00 Kč bez DPH;02/630842
685,00 Kč bez DPH;02/630459
240,00 Kč bez DPH;02/634063
562,00 Kč bez DPH;02/630743P
25,00 Kč bez DPH;823/102293
20,00 Kč bez DPH;823/004701
99,00 Kč bez DPH;823/00328P
29,00 Kč bez DPH;823/002201
20,00 Kč bez DPH;823/102291
25,00 Kč bez DPH;823/10228
25,00 Kč bez DPH;823/004703
89,00 Kč bez DPH;823/10638
29,00 Kč bez DPH;823/002202
29,00 Kč bez DPH;823/00471
76,00 Kč bez DPH;320/06831-B
390,00 Kč bez DPH;02/630092-C
1 390,00 Kč bez DPH;02/634013P
1 733,00 Kč bez DPH;02/202935-C
84,00 Kč bez DPH;KHV0098
2 149,00 Kč bez DPH;02/634214
341,00 Kč bez DPH;17/110802
959,00 Kč bez DPH;02/630772-C
98,00 Kč bez DPH;KHV0101P
4 193,00 Kč bez DPH;02/203217P
240,00 Kč bez DPH;700/41600P
410,00 Kč bez DPH;716/30111P
2 290,00 Kč bez DPH;714/40143
637,00 Kč bez DPH;714/26904P
220,00 Kč bez DPH;714/18900
280,00 Kč bez DPH;714/20300-B
89,00 Kč bez DPH;04/500218
346,00 Kč bez DPH;32/925818
850,00 Kč bez DPH;904/20179P
300,00 Kč bez DPH;04/500219P
430,00 Kč bez DPH;904/20226P
1 167,00 Kč bez DPH;17/926100
826,00 Kč bez DPH;17/105201
690,00 Kč bez DPH;17/921601P
9 988,00 Kč bez DPH;17/927800-C
1 211,00 Kč bez DPH;17/106201-C
792,00 Kč bez DPH;02/202915
639,00 Kč bez DPH;907/20037
545,00 Kč bez DPH;32/905501P
332,00 Kč bez DPH;831/10204
164,00 Kč bez DPH;32/202601P
191,00 Kč bez DPH;32/925402P
96,00 Kč bez DPH;904/50023-C
2 137,00 Kč bez DPH;401/N9095-C
3 326,00 Kč bez DPH;JLV0082
315,00 Kč bez DPH;811/90697
1 380,00 Kč bez DPH;907/52200-C
25 000,00 Kč bez DPH;27
897,00 Kč bez DPH;701/42600-C
623,00 Kč bez DPH;320/068252
1 028,00 Kč bez DPH;701/80434
255,00 Kč bez DPH;701/49800-A
1 080,00 Kč bez DPH;716/30173
6 807,00 Kč bez DPH;B -12
8 046,00 Kč bez DPH;B -10
7 018,00 Kč bez DPH;B -11
3 149,00 Kč bez DPH;B -8
6 596,00 Kč bez DPH;B -13
590,00 Kč bez DPH;914/80207P
215,00 Kč bez DPH;700/23600-A
220,00 Kč bez DPH;02/910155
359,00 Kč bez DPH;32/925423-C
295,00 Kč bez DPH;02/631174P
329,00 Kč bez DPH;809/00182
1 690,00 Kč bez DPH;827/80471
740,00 Kč bez DPH;157/86000
2 178,00 Kč bez DPH;02/801724-C
287,00 Kč bez DPH;333/H8219-C
1 880,00 Kč bez DPH;02/912193
522,00 Kč bez DPH;02/634078
91,00 Kč bez DPH;333/G2841
866,00 Kč bez DPH;332/H0889
3 279,00 Kč bez DPH;333/C9356-C
87,00 Kč bez DPH;02/634077
530,00 Kč bez DPH;02/632114-C
87,00 Kč bez DPH;02/630843
4 758,00 Kč bez DPH;714/40154-A
5 815,00 Kč bez DPH;333/G6698-C
220,00 Kč bez DPH;331/60589PS
114,00 Kč bez DPH;208/00204
1 690,00 Kč bez DPH;320/A8716-D
1 307,00 Kč bez DPH;02/202341-C
49,00 Kč bez DPH;02/201317-A
17 238,00 Kč bez DPH;04/501400P
34 779,00 Kč bez DPH;125/50100R
50,00 Kč bez DPH;02/291054
3 313,00 Kč bez DPH;334/R8882-B
1 193,00 Kč bez DPH;910/50700-B
90,00 Kč bez DPH;701/58706
4 464,00 Kč bez DPH;440/20400
4 740,00 Kč bez DPH;400/A3828-D
2 803,00 Kč bez DPH;30/925975-C
211,00 Kč bez DPH;333/D1556
211,00 Kč bez DPH;333/D1558
211,00 Kč bez DPH;333/D1559
8 315,00 Kč bez DPH;333/D1773-C
7 978,00 Kč bez DPH;333/D1562-C
2 123,00 Kč bez DPH;333/D1563-C
458,00 Kč bez DPH;333/D1560-C
2 990,00 Kč bez DPH;333/D1772-C
3 168,00 Kč bez DPH;333/D1771-C
2 700,00 Kč bez DPH;333/D1555-C
7 819,00 Kč bez DPH;448/56171
29 016,00 Kč bez DPH;450/26310-A
780,00 Kč bez DPH;826/01187-D
3 158,00 Kč bez DPH;401/R2258-D
694,00 Kč bez DPH;580/01200-A
2 824,00 Kč bez DPH;334/F1074-C
3 290,00 Kč bez DPH;332/T3177-D
12,00 Kč bez DPH;2401/0027
28,00 Kč bez DPH;2401/0013S
140,00 Kč bez DPH;25/974632P
29,00 Kč bez DPH;920/01672
9,00 Kč bez DPH;2401/0020
4 705,00 Kč bez DPH;320/06000-C
94,00 Kč bez DPH;2411/1129
29,00 Kč bez DPH;2301/0006
15,00 Kč bez DPH;920/00236
109,00 Kč bez DPH;25/929301
9,00 Kč bez DPH;2301/0015
1 902,00 Kč bez DPH;716/30205-C
506,00 Kč bez DPH;716/30295-H
247,00 Kč bez DPH;721/11862-H
1 859,00 Kč bez DPH;910/50600-B
2 310,00 Kč bez DPH;400/00526-D
495,00 Kč bez DPH;320/04698-D
38,00 Kč bez DPH;P95X65X2.0
712,00 Kč bez DPH;400/07898-B
796,00 Kč bez DPH;811/50358-A
816,00 Kč bez DPH;808/00347-B
1 154,00 Kč bez DPH;808/00355-B
1 690,00 Kč bez DPH;808/00326
360,00 Kč bez DPH;2411/7505
90,00 Kč bez DPH;2411/7605
85,00 Kč bez DPH;2411/8406
21,00 Kč bez DPH;2401/0017
5 866,00 Kč bez DPH;333/D5172-C
29,00 Kč bez DPH;1305/3412Z
1 916,00 Kč bez DPH;335/B2690-B
392,00 Kč bez DPH;JLV1796-B
1 193,00 Kč bez DPH;334/T7605-B
670,00 Kč bez DPH;334/T6751-B
1 126,00 Kč bez DPH;335/B6842-B
1 434,00 Kč bez DPH;334/E1785-B
398,00 Kč bez DPH;2611/00281-D
320,00 Kč bez DPH;30/903601
332,00 Kč bez DPH;333/G2193-B
4 290,00 Kč bez DPH;334/R1955-D
4 060,00 Kč bez DPH;333/J8255-D
309,00 Kč bez DPH;320/06245
5 463,00 Kč bez DPH;320/02710-D
2 255,00 Kč bez DPH;320/09094-D
4 962,00 Kč bez DPH;320/A3001-D
2 226,00 Kč bez DPH;Sada 3CX/4CX-T2/3-A1
379,00 Kč bez DPH;831/10405
1 275,00 Kč bez DPH;334/S7834-A
1 509,00 Kč bez DPH;333/V4029-A
2 064,00 Kč bez DPH;02/202962-A
47 946,00 Kč bez DPH;332/K6848-D
3 727,00 Kč bez DPH;716/18500-C
26 927,00 Kč bez DPH;30/925609-C
2 972,00 Kč bez DPH;716/30071-C
22 910,00 Kč bez DPH;02/634803-C
1 529,00 Kč bez DPH;02/630724
834,00 Kč bez DPH;02/634110-C
1 924,00 Kč bez DPH;910/43500
968,00 Kč bez DPH;910/21600-B
807,00 Kč bez DPH;02/130140
601,00 Kč bez DPH;700/50109
6 407,00 Kč bez DPH;458/70242-A
20 568,00 Kč bez DPH;458/70242-C
2 899,00 Kč bez DPH;266/00501
2 621,00 Kč bez DPH;02/630864-A
176,00 Kč bez DPH;02/130126
4 726,00 Kč bez DPH;458/50044-A
1 253,00 Kč bez DPH;02/130001
264,00 Kč bez DPH;02/130127
99,00 Kč bez DPH;826/01363
6 470,00 Kč bez DPH;716/D2807-D
19 804,00 Kč bez DPH;334/V3669-D
3 712,00 Kč bez DPH;332/F4119-D
1 214,00 Kč bez DPH;701/80184-GP
15 000,00 Kč bez DPH;128/H6895-H
369,00 Kč bez DPH;809/10058
2 050,00 Kč bez DPH;811/50279
1 878,00 Kč bez DPH;32/925910
991,00 Kč bez DPH;320/08603-D
757,00 Kč bez DPH;02/203185-A
1 490,00 Kč bez DPH;834/11133-D
316,00 Kč bez DPH;02/130107
33 610,00 Kč bez DPH;333/L9357
7 017,00 Kč bez DPH;JLA0341
146,00 Kč bez DPH;02/130109
644,00 Kč bez DPH;834/00170
1 576,00 Kč bez DPH;595/10021
17 069,00 Kč bez DPH;30/927125-B
1 842,00 Kč bez DPH;331/43876-C
1 204,00 Kč bez DPH;320/A7227-H
1 232,00 Kč bez DPH;336/A1359-C
3 640,00 Kč bez DPH;332/C3211
1 120,00 Kč bez DPH;440/00102
320,00 Kč bez DPH;332/W1815-D
615,00 Kč bez DPH;335/G9885-D
241,00 Kč bez DPH;320/03243-D
88,00 Kč bez DPH;320/03240-D
843,00 Kč bez DPH;320/03249-D
144,00 Kč bez DPH;320/03246-D
4 933,00 Kč bez DPH;728/28800
1 960,00 Kč bez DPH;335/05119-D
344,00 Kč bez DPH;17/402100
634,00 Kč bez DPH;32/920102-H
5 131,00 Kč bez DPH;331/62119-A
3 881,00 Kč bez DPH;331/49770
2 781,00 Kč bez DPH;335/H8616-D
2 581,00 Kč bez DPH;335/H8621-D
1 545,00 Kč bez DPH;333/S8117-C
791,00 Kč bez DPH;02/634935-C
265,00 Kč bez DPH;910/28400
3 055,00 Kč bez DPH;590/40111
150,00 Kč bez DPH;32/400502-A
3 690,00 Kč bez DPH;400/05424-D
1 783,00 Kč bez DPH;811/70116-D
2 937,00 Kč bez DPH;333/C3871-A
3 600,00 Kč bez DPH;335/Y7115-D
266,00 Kč bez DPH;04/500265
1 550,00 Kč bez DPH;400/05198-D
2 475,00 Kč bez DPH;400/05197-D
3 360,00 Kč bez DPH;400/C8345-D
2 310,00 Kč bez DPH;400/00045-D
1 232,00 Kč bez DPH;333/C2548-B
1 150,00 Kč bez DPH;320/A8717-D
72 427,00 Kč bez DPH;332/H3193-C
624,00 Kč bez DPH;331/47206PS
280,00 Kč bez DPH;816/90618-D
562,00 Kč bez DPH;816/90039
179,00 Kč bez DPH;816/90078
1 060,00 Kč bez DPH;816/90594
232,00 Kč bez DPH;1620/2054
2 969,00 Kč bez DPH;25/223603-A
143,00 Kč bez DPH;02/630228-C
4 017,00 Kč bez DPH;914/35200
1 098,00 Kč bez DPH;333/D9468-D
2 203,00 Kč bez DPH;333/C6879-D
9 318,00 Kč bez DPH;32/925870
5 682,00 Kč bez DPH;476/08501-T
2 891,00 Kč bez DPH;160/15137-A
931,00 Kč bez DPH;701/41600-D
2 301,00 Kč bez DPH;332/Z1705
40,00 Kč bez DPH;2409/0210
243,00 Kč bez DPH;332/X6963-A
47 615,00 Kč bez DPH;563/60104
2 509,00 Kč bez DPH;701/H4036-H
373,00 Kč bez DPH;25/980201
343,00 Kč bez DPH;25/914403
320,00 Kč bez DPH;25/940102
5 885,00 Kč bez DPH;25/211900-C
na dotaz;910/23200
2 773,00 Kč bez DPH;910/21800
669,00 Kč bez DPH;911/16600P
3 300,00 Kč bez DPH;332/J3836
465,00 Kč bez DPH;123/04969
167,00 Kč bez DPH;32/401102-C
83,00 Kč bez DPH;141/00818
1 039,00 Kč bez DPH;331/28235-D
8 453,00 Kč bez DPH;233/26600-D
1 995,00 Kč bez DPH;914/86601-C
139,00 Kč bez DPH;334/C0256
1 013,00 Kč bez DPH;128/14725P
724,00 Kč bez DPH;903/20895
690,00 Kč bez DPH;826/11353S
3 811,00 Kč bez DPH;458/20813-D
9 110,00 Kč bez DPH;02/634880-D
1 090,00 Kč bez DPH;128/14726-A
86,00 Kč bez DPH;02/630112
5 800,00 Kč bez DPH;332/H4111-D
52,00 Kč bez DPH;02/630114
79,00 Kč bez DPH;02/961653
2 660,00 Kč bez DPH;126/00248-B
3 902,00 Kč bez DPH;123/06022-H
1 545,00 Kč bez DPH;834/10759-A
201,00 Kč bez DPH;333/H5636-C
na dotaz;903/03208
35 538,00 Kč bez DPH;576/60210-A
124,00 Kč bez DPH;02/910096-A
1 687,00 Kč bez DPH;401/P0021-A
2 191,00 Kč bez DPH;401/P0020-A
2 373,00 Kč bez DPH;401/P0020-D
3 386,00 Kč bez DPH;402/R6009-D
350,00 Kč bez DPH;402/W0464-D
2 705,00 Kč bez DPH;02/201108
33 400,00 Kč bez DPH;25/223367-D
578,00 Kč bez DPH;32/914203-B
1 632,00 Kč bez DPH;331/29775-C
250,00 Kč bez DPH;02/800440-C
169,00 Kč bez DPH;913/00031-D
1 268,00 Kč bez DPH;128/C2447
3 378,00 Kč bez DPH;334/S8842-D
19 115,00 Kč bez DPH;559/60216-A
469,00 Kč bez DPH;648/21300
na dotaz;811/90566-D
206,00 Kč bez DPH;809/00146
524,00 Kč bez DPH;991/00155
3 814,00 Kč bez DPH;331/42435
1 370,00 Kč bez DPH;333/C4050-D
564,00 Kč bez DPH;4102/1212
248,00 Kč bez DPH;991/00054
264,00 Kč bez DPH;02/800957-A
2 038,00 Kč bez DPH;25/220992-A
12,00 Kč bez DPH;1406/0015
43,00 Kč bez DPH;333/T3770
38 018,00 Kč bez DPH;20/925566
500,00 Kč bez DPH;335/C6340
1 878,00 Kč bez DPH;716/G1359-A
1 351,00 Kč bez DPH;701/29500-D
2 854,00 Kč bez DPH;903/20265-B
4 950,00 Kč bez DPH;458/20672-B
7 000,00 Kč bez DPH;458/M1350-B
1 021,00 Kč bez DPH;445/M6092-A
57,00 Kč bez DPH;826/01251
8 600,00 Kč bez DPH;714/35900-H
392,00 Kč bez DPH;701/02600
2 286,00 Kč bez DPH;234/19800-B
3 271,00 Kč bez DPH;333/J3367-D
1 877,00 Kč bez DPH;320/08552-D
106,00 Kč bez DPH;701/E8829
14 900,00 Kč bez DPH;335/H3482-D
6 800,00 Kč bez DPH;903/00331
106,00 Kč bez DPH;701/58828-A
1 329,00 Kč bez DPH;02/630047-C
1 395,00 Kč bez DPH;910/60096
197,00 Kč bez DPH;02/630791
628,00 Kč bez DPH;704/50139-A
603,00 Kč bez DPH;831/10390
210,00 Kč bez DPH;814/00207
1 784,00 Kč bez DPH;123/05898
7 940,00 Kč bez DPH;332/L7701-E
551,00 Kč bez DPH;02/202444
569,00 Kč bez DPH;991/20038
214,00 Kč bez DPH;823/10413
4 889,00 Kč bez DPH;333/J8829-D
1 282,00 Kč bez DPH;903/04641
70,00 Kč bez DPH;701/E8989-A
70,00 Kč bez DPH;701/E8843-A
76,00 Kč bez DPH;701/E8891-A
76,00 Kč bez DPH;701/E8959-A
70,00 Kč bez DPH;701/E8893-A
70,00 Kč bez DPH;701/E8971-A
70,00 Kč bez DPH;701/E8969-A
72,00 Kč bez DPH;701/E8953-A
70,00 Kč bez DPH;701/E8853-A
70,00 Kč bez DPH;701/E8835-A
76,00 Kč bez DPH;701/E8832-A
106,00 Kč bez DPH;701/E8824-A
577,00 Kč bez DPH;401/B2686-D
na dotaz;830/M3890-D
1 265,00 Kč bez DPH;904/M3206-C
76,00 Kč bez DPH;701/E8960-A
1 714,00 Kč bez DPH;85817788-A
2 069,00 Kč bez DPH;333/S4983-B
3 971,00 Kč bez DPH;320/A7246-H
320,00 Kč bez DPH;458/20353Bronz
2 717,00 Kč bez DPH;123/05578P
27 419,00 Kč bez DPH;980/89995RM
325,00 Kč bez DPH;701/60052-A
266,00 Kč bez DPH;02/291055
41,00 Kč bez DPH;02/291002
2 150,00 Kč bez DPH;02/200076-A
52,00 Kč bez DPH;904/15400
354,00 Kč bez DPH;332/L4019-B
808,00 Kč bez DPH;332/X3513-B
2 730,00 Kč bez DPH;332/X6283-D
3 820,00 Kč bez DPH;332/X6279-D
515,00 Kč bez DPH;998/11215-A
6 404,00 Kč bez DPH;458/M4231-A
10 448,00 Kč bez DPH;335/05602
1 306,00 Kč bez DPH;334/C2092-C
1 070,00 Kč bez DPH;700/50164-H
686,00 Kč bez DPH;331/45546
808,00 Kč bez DPH;701/26402
2 750,00 Kč bez DPH;334/G1969-D
3 650,00 Kč bez DPH;334/G1988-D
3 250,00 Kč bez DPH;334/G2103-D
2 600,00 Kč bez DPH;334/G2121-D
1 984,00 Kč bez DPH;17/921701-C
1 290,00 Kč bez DPH;594/14019-A
628,00 Kč bez DPH;331/61003-A
2 284,00 Kč bez DPH;333/V9202-B
286,00 Kč bez DPH;826/11259-B
47 373,00 Kč bez DPH;17/920400-C
41 435,00 Kč bez DPH;320/06742PS
5 267,00 Kč bez DPH;333/P6766-D
6 066,00 Kč bez DPH;333/E5346-D
117,00 Kč bez DPH;333/D2853
2 563,00 Kč bez DPH;991/20042
573,00 Kč bez DPH;320/06803
88 492,00 Kč bez DPH;332/U0900-C
346,00 Kč bez DPH;320/05764
1 277,00 Kč bez DPH;400/Y7561
427,00 Kč bez DPH;32/926098-B
1 273,00 Kč bez DPH;649/52122-B
1 157,00 Kč bez DPH;649/52123-B
827,00 Kč bez DPH;332/D6933-B
12 891,00 Kč bez DPH;332/U7590-D
1 650,00 Kč bez DPH;320/A8707-D
2 215,00 Kč bez DPH;32/925763-D
293,00 Kč bez DPH;1758/0606C
2 837,00 Kč bez DPH;25/222913-H
1 398,00 Kč bez DPH;910/60199
684,00 Kč bez DPH;811/50443
1 698,00 Kč bez DPH;128/F5385
442,00 Kč bez DPH;811/80013
1 723,00 Kč bez DPH;128/F5384
941,00 Kč bez DPH;991/00010
3 244,00 Kč bez DPH;827/80150
44,00 Kč bez DPH;445/14001-D
39 000,00 Kč bez DPH;333/C6980-D
1 616,00 Kč bez DPH;333/D1561-C
1 431,00 Kč bez DPH;331/46986
850,00 Kč bez DPH;649/51762-D
1 402,00 Kč bez DPH;320/06194-A
124,00 Kč bez DPH;02/911044-C
106,00 Kč bez DPH;02/911043-C
766,00 Kč bez DPH;333/E3091-D
4 120,00 Kč bez DPH;162/01551-D
336,00 Kč bez DPH;481/00506-B
164,00 Kč bez DPH;813/00387
193,00 Kč bez DPH;2411/0404
684,00 Kč bez DPH;02/801635-A
3 290,00 Kč bez DPH;400/00443-D
3 650,00 Kč bez DPH;332/L0476-D
1 870,00 Kč bez DPH;332/E8224-D
980,00 Kč bez DPH;701/80184-C
2 143,00 Kč bez DPH;331/33408-D
9 795,00 Kč bez DPH;701/A5646-D
20,00 Kč bez DPH;02/200198
251,00 Kč bez DPH;334/D7569-A
6 450,00 Kč bez DPH;346/00371-D
5 864,00 Kč bez DPH;333/G6477
2 164,00 Kč bez DPH;332/C5769-B
2 365,00 Kč bez DPH;402/F0374-D
1 490,00 Kč bez DPH;834/11078-D
342,00 Kč bez DPH;333/D1609
133,00 Kč bez DPH;333/D1610
429,00 Kč bez DPH;333/D1614
110,00 Kč bez DPH;333/D1613
205,00 Kč bez DPH;333/C1013-B
900,00 Kč bez DPH;335/D5644-D
6 842,00 Kč bez DPH;30/926404-B
3 216,00 Kč bez DPH;332/H9718-A
4 136,00 Kč bez DPH;400/T7192-D
16 824,00 Kč bez DPH;320/A7045-D
575,00 Kč bez DPH;02/630665-A4
6 572,00 Kč bez DPH;25/223170-D
760,00 Kč bez DPH;988/00031
194,00 Kč bez DPH;813/00202
9,00 Kč bez DPH;823/00291-B
141,00 Kč bez DPH;701/47401
4 136,00 Kč bez DPH;400/T7697-D
2 053,00 Kč bez DPH;454/07401-D
798,00 Kč bez DPH;400/03254-B
530,00 Kč bez DPH;334/V5789-A
1 146,00 Kč bez DPH;32/925752-A
1 839,00 Kč bez DPH;808/00422-B
1 383,00 Kč bez DPH;02/630664-A
2 334,00 Kč bez DPH;813/
34 583,00 Kč bez DPH;400/U9952-C
980,00 Kč bez DPH;320/03698-D
5 784,00 Kč bez DPH;335/90002SP
5 784,00 Kč bez DPH;335/90003SP
2 784,00 Kč bez DPH;331/38932P
1 070,00 Kč bez DPH;649/52147-B
146,00 Kč bez DPH;32/913602-B
434,00 Kč bez DPH;32/913601-B
217,00 Kč bez DPH;320/03697
21 498,00 Kč bez DPH;331/34159
17 563,00 Kč bez DPH;30/925452-A
760,00 Kč bez DPH;717/20122
369,00 Kč bez DPH;991/00052
7 676,00 Kč bez DPH;320/E9551-C
240,00 Kč bez DPH;716/G3600
878,00 Kč bez DPH;320/08657-A
880,00 Kč bez DPH;02/630044-C
2 127,00 Kč bez DPH;02/630665-C
292,00 Kč bez DPH;02/630013-C
979,00 Kč bez DPH;02/630010-C
786,00 Kč bez DPH;02/630032-C
568,00 Kč bez DPH;904/50013
420,00 Kč bez DPH;808/00275
5 926,00 Kč bez DPH;332/F4118-C
5 118,00 Kč bez DPH;701/80469-D
13 670,00 Kč bez DPH;332/G3762-B
924,00 Kč bez DPH;811/50218
877,00 Kč bez DPH;808/10008
16 978,00 Kč bez DPH;02/800460-C
1 228,00 Kč bez DPH;811/90489
720,00 Kč bez DPH;816/82010
2 210,00 Kč bez DPH;126/03080-A
na dotaz;400/H9119
670,00 Kč bez DPH;401/N7193-B
672,00 Kč bez DPH;649/52077-A
1 240,00 Kč bez DPH;701/54300-A
1 024,00 Kč bez DPH;701/80335-A
28 200,00 Kč bez DPH;400/J9696-D
174,00 Kč bez DPH;917/02000
984,00 Kč bez DPH;400/04169
4 753,00 Kč bez DPH;455/01201
106,00 Kč bez DPH;450/18204
3 900,00 Kč bez DPH;333/T7370-D
319,00 Kč bez DPH;02/291233
16 601,00 Kč bez DPH;04/600784P
1 569,00 Kč bez DPH;458/20371-H
3 980,00 Kč bez DPH;334/E7176-D
7 098,00 Kč bez DPH;320/03136-D
1 995,00 Kč bez DPH;701/80215-C
9 313,00 Kč bez DPH;914/60083-C
190,00 Kč bez DPH;02/634805
3 350,00 Kč bez DPH;991/00157-D
404,00 Kč bez DPH;02/634812-H
295,00 Kč bez DPH;02/634813-H
524,00 Kč bez DPH;701/80322
13 500,00 Kč bez DPH;332/S3661-D
115,00 Kč bez DPH;450/20402P
57,00 Kč bez DPH;450/20403P
13 348,00 Kč bez DPH;458/M2842-D
35 050,00 Kč bez DPH;450/26310-D
2 033,00 Kč bez DPH;128/H9642-A
20,00 Kč bez DPH;320/A0512-C
235,00 Kč bez DPH;320/06198-D
3 980,00 Kč bez DPH;123/06667-50
736,00 Kč bez DPH;334/L6678
2 381,00 Kč bez DPH;32/917800-A
13 500,00 Kč bez DPH;704/50208-D
621,00 Kč bez DPH;334/C3974
128,00 Kč bez DPH;701/80322-1
164,00 Kč bez DPH;331/13500
929,00 Kč bez DPH;25/220709
937,00 Kč bez DPH;02/200949-D
8 876,00 Kč bez DPH;20/950400-C
3 764,00 Kč bez DPH;02/201293-C
333,00 Kč bez DPH;32/912003P
45,00 Kč bez DPH;333/H5475-C
1 052,00 Kč bez DPH;336/A1373-C
76,00 Kč bez DPH;333/H5497
1 340,00 Kč bez DPH;826/11026-B
364,00 Kč bez DPH;400/E8899-B
116,00 Kč bez DPH;02/630149
41 249,00 Kč bez DPH;320/06168-C
4 642,00 Kč bez DPH;701/A5641-C
249 518,00 Kč bez DPH;320/50269-D
175,00 Kč bez DPH;02/630876
1 718,00 Kč bez DPH;128/E0100-H
1 584,00 Kč bez DPH;25/222834
15 861,00 Kč bez DPH;20/925349
9 559,00 Kč bez DPH;128/14911-D
7 573,00 Kč bez DPH;331/22432
893,00 Kč bez DPH;331/46389-C
1 517,00 Kč bez DPH;714/24600-B
510,00 Kč bez DPH;808/00209-D
388,00 Kč bez DPH;808/00210-D
12 500,00 Kč bez DPH;331/39421-D
19 640,00 Kč bez DPH;20/208000
400,00 Kč bez DPH;834/11315-D
783,00 Kč bez DPH;701/80308-C
567,00 Kč bez DPH;GLASS-G-1H
10 462,00 Kč bez DPH;234/15000
3 523,00 Kč bez DPH;320/08586-D
19 243,00 Kč bez DPH;332/C1361
3 570,00 Kč bez DPH;335/F4269-B
4 145,00 Kč bez DPH;335/F4268-B
2 051,00 Kč bez DPH;334/R6587-B
1 532,00 Kč bez DPH;334/V9448-D
976,00 Kč bez DPH;334/U7772-D
524,00 Kč bez DPH;335/H0089-B
948,00 Kč bez DPH;335/F6430-B
390,00 Kč bez DPH;401/K3946-D
374,00 Kč bez DPH;401/X3229-H
1 106,00 Kč bez DPH;333/C1499-B
1 675,00 Kč bez DPH;333/C1505-B
1 580,00 Kč bez DPH;332/H5747-B
4 899,00 Kč bez DPH;332/H5730-B
166,00 Kč bez DPH;814/10122-D
521,00 Kč bez DPH;446/01317
1 685,00 Kč bez DPH;402/L9333-A
1 685,00 Kč bez DPH;332/P7637-A
30,00 Kč bez DPH;1305/0412
4 447,00 Kč bez DPH;02/202274P
3 413,00 Kč bez DPH;334/F4000-A
171,00 Kč bez DPH;998/00006-H
425,00 Kč bez DPH;808/00427
1 982,00 Kč bez DPH;320/07701
239,00 Kč bez DPH;32/925762
2 391,00 Kč bez DPH;231/61701-A
1 218,00 Kč bez DPH;32/920700
230,00 Kč bez DPH;32/910700
509,00 Kč bez DPH;32/210002
1 221,00 Kč bez DPH;32/210001
451,00 Kč bez DPH;335/D8924-B
1 875,00 Kč bez DPH;320/06548-A
197,00 Kč bez DPH;123/06299
191,00 Kč bez DPH;714/04800
12 150,00 Kč bez DPH;923/04600
4 531,00 Kč bez DPH;332/H0893-C
450,00 Kč bez DPH;32/919700
85 076,00 Kč bez DPH;JRA0264-A
852,00 Kč bez DPH;320/04618-D
5 166,00 Kč bez DPH;333/D1854-D
126,00 Kč bez DPH;123/06668
2 215,00 Kč bez DPH;335/C5368-D
2 500,00 Kč bez DPH;331/63982-D
10 325,00 Kč bez DPH;522/00550
883,00 Kč bez DPH;701/60012
4 239,00 Kč bez DPH;41/940359P
2 808,00 Kč bez DPH;997/02400-G
3 740,00 Kč bez DPH;335/10509-A
1 150,00 Kč bez DPH;649/17900
2 194,00 Kč bez DPH;701/80406-D
605,00 Kč bez DPH;704/50024
13 681,00 Kč bez DPH;162/03552-H
25 401,00 Kč bez DPH;334/K2120-C
601,00 Kč bez DPH;834/10817-A
24 509,00 Kč bez DPH;448/23500-D
4 356,00 Kč bez DPH;17/926100-D
262,00 Kč bez DPH;448/05405P
1 887,00 Kč bez DPH;334/G3688-B
36,00 Kč bez DPH;JRA0102-2
73,00 Kč bez DPH;701/58704-A
12 272,00 Kč bez DPH;30/925610-B
25 000,00 Kč bez DPH;128/G2288
898,00 Kč bez DPH;400/E7179-H
327,00 Kč bez DPH;320/B4394-H
1 536,00 Kč bez DPH;320/A7199-H
1 728,00 Kč bez DPH;320/A7184-A
132,00 Kč bez DPH;15/901402-D
5 330,00 Kč bez DPH;700/50091
290,00 Kč bez DPH;332/B6927-C
290,00 Kč bez DPH;332/B6926-C
3 147,00 Kč bez DPH;334/L1977
3 136,00 Kč bez DPH;332/K0805
1 248,00 Kč bez DPH;332/K8483
1 100,00 Kč bez DPH;332/X4761-B
2 444,00 Kč bez DPH;331/14861-D
1 090,00 Kč bez DPH;332/W0675-D
1 401,00 Kč bez DPH;32/925753-C
2 400,00 Kč bez DPH;32/925752-C
55,00 Kč bez DPH;701/58919
93,00 Kč bez DPH;2411/0408
46 500,00 Kč bez DPH;334/R4122-D
2 634,00 Kč bez DPH;333/R6959
641,00 Kč bez DPH;332/D8633-A
6 330,00 Kč bez DPH;331/22435
584,00 Kč bez DPH;335/B5625
358,00 Kč bez DPH;160/01114
5 075,00 Kč bez DPH;332/G1935-C
2 187,00 Kč bez DPH;334/V8265-A
301,00 Kč bez DPH;02/930236
127,00 Kč bez DPH;265/01289P
530,00 Kč bez DPH;334/D7450-D
4 743,00 Kč bez DPH;334/U7626-D
412,00 Kč bez DPH;02/202908-A
2 488,00 Kč bez DPH;02/202922-C
6 470,00 Kč bez DPH;320/04441-D
1 690,00 Kč bez DPH;JHH0120-D
955,00 Kč bez DPH;332/S5444-D
607,00 Kč bez DPH;02/630447-D
5 712,00 Kč bez DPH;332/W4452-C
2 227,00 Kč bez DPH;448/28701
6 358,00 Kč bez DPH;333/H5769-C
49 000,00 Kč bez DPH;332/R2629-D
2 343,00 Kč bez DPH;JLJ0465-D
136,00 Kč bez DPH;8944625590PS
2 325,00 Kč bez DPH;331/62027-D
1 476,00 Kč bez DPH;331/47280-C
2 013,00 Kč bez DPH;32/914901-H
8 650,00 Kč bez DPH;234/70051-D
6 880,00 Kč bez DPH;910/60232-D
4 207,00 Kč bez DPH;400/B4194-D
1 119,00 Kč bez DPH;721/11639-B
1 780,00 Kč bez DPH;400/D7509
16 959,00 Kč bez DPH;332/G5651-D
261,00 Kč bez DPH;320/A4470-A
10 644,00 Kč bez DPH;334/D5741-A
168,00 Kč bez DPH;333/T0181-B
1 484,00 Kč bez DPH;331/43843
470,00 Kč bez DPH;333/S8664
409,00 Kč bez DPH;332/C3288
13 838,00 Kč bez DPH;25/607231-D
495,00 Kč bez DPH;991/20009
466,00 Kč bez DPH;8943690230
200,00 Kč bez DPH;8944046100
238,00 Kč bez DPH;02/800336
220,00 Kč bez DPH;02/800334
803,00 Kč bez DPH;02/800331
1 413,00 Kč bez DPH;332/G0094
204,00 Kč bez DPH;816/15178
200,00 Kč bez DPH;1603/0001
1 782,00 Kč bez DPH;320/09383-H
4 363,00 Kč bez DPH;333/C3871-D
1 786,00 Kč bez DPH;332/T6850-B
469,00 Kč bez DPH;45/920050
347,00 Kč bez DPH;926/07800
4 924,00 Kč bez DPH;334/D2476-D
25 670,00 Kč bez DPH;02/634934-C
498,00 Kč bez DPH;331/43881-B
3 006,00 Kč bez DPH;903/20560-B
150,00 Kč bez DPH;336/A0576
106,00 Kč bez DPH;401/R6531-B
2 435,00 Kč bez DPH;320/08923-D
9 800,00 Kč bez DPH;980/88215-D
7 387,00 Kč bez DPH;333/F3745-D
5 917,00 Kč bez DPH;333/H5787-C
615,00 Kč bez DPH;30/925687-C
40 000,00 Kč bez DPH;561/60280
3 390,00 Kč bez DPH;331/42639P
11 730,00 Kč bez DPH;458/20831-D
390,00 Kč bez DPH;02/101779-D
191,00 Kč bez DPH;823/00297
26 554,00 Kč bez DPH;332/H0546-D
2 290,00 Kč bez DPH;334/C3256-B
10 377,00 Kč bez DPH;20/203300
1 315,00 Kč bez DPH;827/80372
1 567,00 Kč bez DPH;332/G3485-A
1 028,00 Kč bez DPH;400/F7973-C
421,00 Kč bez DPH;320/06836-A
526,00 Kč bez DPH;320/09200-A
81,00 Kč bez DPH;162/02710
577,00 Kč bez DPH;332/H7782
621,00 Kč bez DPH;809/10075
3 987,00 Kč bez DPH;910/60137
3 570,00 Kč bez DPH;333/D5420-D
2 506,00 Kč bez DPH;400/01128-D
7 230,00 Kč bez DPH;02/202589-C
1 937,00 Kč bez DPH;290/51701
403,00 Kč bez DPH;290/00701
506,00 Kč bez DPH;290/00808-B
92,00 Kč bez DPH;1609/0001
520,00 Kč bez DPH;648/21504
640,00 Kč bez DPH;402/D6482
446,00 Kč bez DPH;233/02213
893,00 Kč bez DPH;233/02212
536,00 Kč bez DPH;834/00347
211,00 Kč bez DPH;02/200251
195,00 Kč bez DPH;701/36200
2 652,00 Kč bez DPH;332/E2953-A
89 900,00 Kč bez DPH;20/925532
1 118,00 Kč bez DPH;333/P7677-C
1 208,00 Kč bez DPH;333/E9154
261,00 Kč bez DPH;545/13600
13 914,00 Kč bez DPH;332/F7717-C
55 500,00 Kč bez DPH;20/925448-C
3 699,00 Kč bez DPH;478/20192
7 387,00 Kč bez DPH;454/03103
675,00 Kč bez DPH;477/01004
213,00 Kč bez DPH;320/05650-A
2 276,00 Kč bez DPH;02/630717-C
1 893,00 Kč bez DPH;02/630898-C
274,00 Kč bez DPH;02/630799-C
338,00 Kč bez DPH;02/630797-C
573,00 Kč bez DPH;45/911900-C
891,00 Kč bez DPH;45/910600
716,00 Kč bez DPH;716/30174
4 475,00 Kč bez DPH;25/222081-1-C
11 237,00 Kč bez DPH;25/222081-C
1 580,00 Kč bez DPH;335/G1253
8 210,00 Kč bez DPH;320/06828-C
75,00 Kč bez DPH;320/07785-D
200,00 Kč bez DPH;333/G3773
349,00 Kč bez DPH;02/802629
185,00 Kč bez DPH;02/802628
390,00 Kč bez DPH;02/802580-D
6 703,00 Kč bez DPH;332/C8805P
1 225,00 Kč bez DPH;331/62486-B
7 658,00 Kč bez DPH;334/S3737-D
1 106,00 Kč bez DPH;892/01383
626,00 Kč bez DPH;811/50445
584,00 Kč bez DPH;811/50442
520,00 Kč bez DPH;811/50441
191,00 Kč bez DPH;333/S3341
2 349,00 Kč bez DPH;453/26702
23 960,00 Kč bez DPH;20/903300
596,00 Kč bez DPH;701/57300-A
1 561,00 Kč bez DPH;332/V9217-D
215,00 Kč bez DPH;02/634773-C
12 500,00 Kč bez DPH;20/925786-P
11 324,00 Kč bez DPH;30/926051
1 004,00 Kč bez DPH;20/950906
12 821,00 Kč bez DPH;448/13202
17 375,00 Kč bez DPH;04/600650-C
555,00 Kč bez DPH;TGR HVLP 46-5
677,00 Kč bez DPH;GEAR TRANSMISSION-5
660,00 Kč bez DPH;XT5 15W40-5
15 272,00 Kč bez DPH;04/600650SP
420,00 Kč bez DPH;123/00269
662,00 Kč bez DPH;717/11700-H
na dotaz;332/C0480-D
8 126,00 Kč bez DPH;834/11607-D
4 374,00 Kč bez DPH;332/C1338-D
30,00 Kč bez DPH;320/01656
na dotaz;401/E2551
539,00 Kč bez DPH;809/02001-B
626,00 Kč bez DPH;334/E0915-B
3 770,00 Kč bez DPH;333/W9749-D
9 828,00 Kč bez DPH;448/56033
3 332,00 Kč bez DPH;332/J9647-C
2 866,00 Kč bez DPH;20/950375-A
686,00 Kč bez DPH;160/00987
2 976,00 Kč bez DPH;333/D9049-C
34 278,00 Kč bez DPH;320/06620
5 109,00 Kč bez DPH;30/926705
555,00 Kč bez DPH;904/20152-C
1 012,00 Kč bez DPH;2349828
267,00 Kč bez DPH;320/03524-D
638,00 Kč bez DPH;320/07225-A
701,00 Kč bez DPH;331/38954P
184,00 Kč bez DPH;331/40827
190,00 Kč bez DPH;829/30943
1 490,00 Kč bez DPH;331/17273-D
9 580,00 Kč bez DPH;980/90469S-125
31 390,00 Kč bez DPH;333/D8763-D
5 918,00 Kč bez DPH;335/05296-D
1 024,00 Kč bez DPH;123/03172-A
2 639,00 Kč bez DPH;331/42441-A
34 100,00 Kč bez DPH;25/222456-D
1 024,00 Kč bez DPH;123/03171-A
139,00 Kč bez DPH;02/201362
3 162,00 Kč bez DPH;20/950753-A
1 336,00 Kč bez DPH;332/V6840-A
1 336,00 Kč bez DPH;332/V6835-A
1 149,00 Kč bez DPH;25/607230-D
257,00 Kč bez DPH;128/C9410-3
1 638,00 Kč bez DPH;128/C9410-2
895,00 Kč bez DPH;923/10121
1 668,00 Kč bez DPH;808/00403
3 112,00 Kč bez DPH;JLA0078
1 104,00 Kč bez DPH;834/11198P
12 220,00 Kč bez DPH;03/300001
117,00 Kč bez DPH;30/925356P
758,00 Kč bez DPH;45/910400
10 358,00 Kč bez DPH;714/40525-B
632,00 Kč bez DPH;401/D6454
4 450,00 Kč bez DPH;834/11240
42 000,00 Kč bez DPH;160/15747-D
1 703,00 Kč bez DPH;991/20007
140,00 Kč bez DPH;714/18100-B
215,00 Kč bez DPH;320/04555-A
2 924,00 Kč bez DPH;02/201862-C
4 044,00 Kč bez DPH;335/C6732-D
966,00 Kč bez DPH;123/04055-H
29,00 Kč bez DPH;701/00052-H
990,00 Kč bez DPH;701/52200-D
50,00 Kč bez DPH;701/17200
560,00 Kč bez DPH;701/00049-D
1 224,00 Kč bez DPH;701/52300-D
422,00 Kč bez DPH;700/50018
745,00 Kč bez DPH;332/C5605P
840,00 Kč bez DPH;234/00706
3 347,00 Kč bez DPH;128/H0545-A
632,00 Kč bez DPH;333/P6526
1 120,00 Kč bez DPH;701/55000-A
3 819,00 Kč bez DPH;320/A7184-D
371,00 Kč bez DPH;821/10324-H
616,00 Kč bez DPH;331/42187-D
2 717,00 Kč bez DPH;123/05577
7 038,00 Kč bez DPH;547/37801
121,00 Kč bez DPH;813/00376
13 572,00 Kč bez DPH;30/913400
2 975,00 Kč bez DPH;320/A7227-D
15,00 Kč bez DPH;816/60056
684,00 Kč bez DPH;02/802422
22 367,00 Kč bez DPH;02/802365
4 572,00 Kč bez DPH;333/T2967-D
1 328,00 Kč bez DPH;32/919911-D
208,00 Kč bez DPH;02/802626
184,00 Kč bez DPH;02/802423
148,00 Kč bez DPH;448/26307
1 500,00 Kč bez DPH;332/E0995
1 417,00 Kč bez DPH;25/986301-B
1 610,00 Kč bez DPH;811/50304-B
28,00 Kč bez DPH;826/00874
5 234,00 Kč bez DPH;40/910444-D
147,00 Kč bez DPH;829/00571
38,00 Kč bez DPH;P65X41X2.0
20,00 Kč bez DPH;P62X41X1.0
3 330,00 Kč bez DPH;334/F2301-D
5 742,00 Kč bez DPH;320/08562-A
3 717,00 Kč bez DPH;914/60060
3 194,00 Kč bez DPH;923/10128-C
4 465,00 Kč bez DPH;714/40531-A
1 856,00 Kč bez DPH;700/50055-W
157,00 Kč bez DPH;02/203213
1 201,00 Kč bez DPH;333/D8570
69,00 Kč bez DPH;02/100290A
1 909,00 Kč bez DPH;834/00537-D
826,00 Kč bez DPH;17/925200
77,00 Kč bez DPH;P95X65X5.0
6 837,00 Kč bez DPH;401/V9705-D
9 088,00 Kč bez DPH;401/V9713-D
13 190,00 Kč bez DPH;334/F6978-A
1 692,00 Kč bez DPH;594/14027
25 773,00 Kč bez DPH;128/H6895-D
931,00 Kč bez DPH;331/34734
245,00 Kč bez DPH;331/47014-A
12 002,00 Kč bez DPH;928/60145-C
11 558,00 Kč bez DPH;928/60144-C
1 556,00 Kč bez DPH;17/926600-C
2 604,00 Kč bez DPH;334/F4522
2 150,00 Kč bez DPH;331/43848-B
1 048,00 Kč bez DPH;25/606819
15 400,00 Kč bez DPH;25/966100
1 150,00 Kč bez DPH;717/20168-A
316,00 Kč bez DPH;811/90490
887,00 Kč bez DPH;834/10895-D
7 621,00 Kč bez DPH;331/36913-C
2 294,00 Kč bez DPH;SH74034
1 263,00 Kč bez DPH;02/201131
175,00 Kč bez DPH;817/03401
791,00 Kč bez DPH;334/S8333-C
1 062,00 Kč bez DPH;332/W0462-B
748,00 Kč bez DPH;332/W0468-B
343,00 Kč bez DPH;332/W0424-B
978,00 Kč bez DPH;332/W0465-B
422,00 Kč bez DPH;02/801499
1 029,00 Kč bez DPH;331/35693
3 810,00 Kč bez DPH;128/C0215-D
370,00 Kč bez DPH;445/05110
519,00 Kč bez DPH;140/00757-B
14 227,00 Kč bez DPH;05/903821-C
2 002,00 Kč bez DPH;25/961900
9 180,00 Kč bez DPH;332/C8930-C
1 457,00 Kč bez DPH;716/26800-C
4 361,00 Kč bez DPH;JLJ0092-C
4 501,00 Kč bez DPH;JLJ0091 C
14 812,00 Kč bez DPH;05/903806-A
2 397,00 Kč bez DPH;20/951592
2 183,00 Kč bez DPH;30/926212-C
948,00 Kč bez DPH;700/50114-L
2 407,00 Kč bez DPH;35/901800
38 160,00 Kč bez DPH;332/C8935-D
25 016,00 Kč bez DPH;332/C8935-B
393,00 Kč bez DPH;816/80028
9 190,00 Kč bez DPH;35/410900-C
3 928,00 Kč bez DPH;41/923800-A
2 167,00 Kč bez DPH;128/H9703
5 469,00 Kč bez DPH;15/920294-C
8 789,00 Kč bez DPH;15/M04041-C
5 066,00 Kč bez DPH;923/10108-C
2 083,00 Kč bez DPH;594/00005
733,00 Kč bez DPH;331/36223-A
174,00 Kč bez DPH;02/100043-C
438,00 Kč bez DPH;331/59164
164,00 Kč bez DPH;320/07685
194,00 Kč bez DPH;320/02595-D
311,00 Kč bez DPH;320/02643-A
4 094,00 Kč bez DPH;334/D2476-H
5 138,00 Kč bez DPH;834/10296-D
379,00 Kč bez DPH;704/31100P
1 230,00 Kč bez DPH;332/S1223-B
802,00 Kč bez DPH;6900/0611-B
489,00 Kč bez DPH;332/W2002
420,00 Kč bez DPH;700/38201
59,00 Kč bez DPH;826/01717
19 900,00 Kč bez DPH;02/802027-D
58 360,00 Kč bez DPH;25/220604-D
6 730,00 Kč bez DPH;30/927052-C
382,00 Kč bez DPH;123/03564-A
1 337,00 Kč bez DPH;910/60269
3 650,00 Kč bez DPH;331/25693-D
6 330,00 Kč bez DPH;123/04827
5 791,00 Kč bez DPH;477/00841-t
1 053,00 Kč bez DPH;701/42700-A
3 664,00 Kč bez DPH;20/950733-A
4 066,00 Kč bez DPH;20/950730-A
8 700,00 Kč bez DPH;20/950731-A
2 230,00 Kč bez DPH;827/30229
877,00 Kč bez DPH;700/34000
10 074,00 Kč bez DPH;320/04559-D
1 942,00 Kč bez DPH;714/40266-B
4 211,00 Kč bez DPH;332/W0231
639,00 Kč bez DPH;809/00116
2 047,00 Kč bez DPH;911/26800
187,00 Kč bez DPH;02/100057
183,00 Kč bez DPH;02/100056
175,00 Kč bez DPH;02/100055
124,00 Kč bez DPH;02/100054
763,00 Kč bez DPH;716/E6808
26,00 Kč bez DPH;04/500304
8 739,00 Kč bez DPH;41/940285
278,00 Kč bez DPH;921/02200
3 270,00 Kč bez DPH;30/925722
474,00 Kč bez DPH;921/51200
229,00 Kč bez DPH;921/50000P
280,00 Kč bez DPH;921/02100SP
550,00 Kč bez DPH;123/03153-D
268,00 Kč bez DPH;32/300301
7 072,00 Kč bez DPH;30/926733P
603,00 Kč bez DPH;KHH0140-A
3 352,00 Kč bez DPH;332/C3213
7 582,00 Kč bez DPH;714/40367-C
1 270,00 Kč bez DPH;336/F3759-C
389,00 Kč bez DPH;320/03029-C
3 573,00 Kč bez DPH;320/A7046-B
3 157,00 Kč bez DPH;701/80367-D
4 250,00 Kč bez DPH;834/11317
2 594,00 Kč bez DPH;02/630277-A
1 129,00 Kč bez DPH;331/63228-D
12 900,00 Kč bez DPH;140/04600-B
2 013,00 Kč bez DPH;701/80288-C
368,00 Kč bez DPH;913/10213
6 093,00 Kč bez DPH;15/920255-A
9 400,00 Kč bez DPH;332/F2877-D
2 591,00 Kč bez DPH;332/L0312
327,00 Kč bez DPH;923/10166-B
942,00 Kč bez DPH;157/25404-A
1 829,00 Kč bez DPH;15/920375-B
4 020,00 Kč bez DPH;827/80202
2 128,00 Kč bez DPH;827/80251
3 640,00 Kč bez DPH;834/10626
269,00 Kč bez DPH;02/634140-C
3 460,00 Kč bez DPH;30/925942-C
4 695,00 Kč bez DPH;20/950920
4 566,00 Kč bez DPH;440/20002-A
1 340,00 Kč bez DPH;232/23700PS
800,00 Kč bez DPH;02/201695
23 912,00 Kč bez DPH;559/60019
8 216,00 Kč bez DPH;701/60038
97,00 Kč bez DPH;32/401102P
1 109,00 Kč bez DPH;831/10409
883,00 Kč bez DPH;332/W4424-H
20 616,00 Kč bez DPH;459/10231
317,00 Kč bez DPH;4004/0501-H
363,00 Kč bez DPH;813/00375-D
16 694,00 Kč bez DPH;25/221308
979,00 Kč bez DPH;02/632137-C
1 726,00 Kč bez DPH;331/25504
5 192,00 Kč bez DPH;459/10152-H
990,00 Kč bez DPH;02/201334
1 736,00 Kč bez DPH;910/60245
1 592,00 Kč bez DPH;903/20435
1 303,00 Kč bez DPH;331/46268-C
424,00 Kč bez DPH;649/51943-B
15 120,00 Kč bez DPH;332/H0546
10 261,00 Kč bez DPH;334/G9545
12 512,00 Kč bez DPH;04/600791-D
989,00 Kč bez DPH;320/09687-A
936,00 Kč bez DPH;333/E3686
406,00 Kč bez DPH;814/00363
26 000,00 Kč bez DPH;811/90523-D
9 900,00 Kč bez DPH;831/10366
101,00 Kč bez DPH;KSP0268
219,00 Kč bez DPH;903/21396
1 461,00 Kč bez DPH;335/C7872-B
1 128,00 Kč bez DPH;716/D2727
1 714,00 Kč bez DPH;808/00325
1 554,00 Kč bez DPH;JLV0422
23 788,00 Kč bez DPH;20/925786-C
13 224,00 Kč bez DPH;123/03869
368,00 Kč bez DPH;704/37300
668,00 Kč bez DPH;716/30128-B
6,00 Kč bez DPH;828/00304
1 860,00 Kč bez DPH;332/G7024-D
1 716,00 Kč bez DPH;991/20044
4 400,00 Kč bez DPH;814/00342-D
3 110,00 Kč bez DPH;400/01255-D
57,00 Kč bez DPH;9J2358/8E6359
166,00 Kč bez DPH;04/600247-B
1 116,00 Kč bez DPH;128/C0217-D
1 603,00 Kč bez DPH;320/04138-A
53 287,00 Kč bez DPH;563/60126-B
12 290,00 Kč bez DPH;335/04237-D
477,00 Kč bez DPH;32/925185
642,00 Kč bez DPH;32/925775
2 073,00 Kč bez DPH;401/P0021-D
360,00 Kč bez DPH;02/630171-C
21 216,00 Kč bez DPH;PF-JCB2CX
181,00 Kč bez DPH;701/M7305-A
82,00 Kč bez DPH;913/02401
6 314,00 Kč bez DPH;332/G1855
7 900,00 Kč bez DPH;714/40524
7 480,00 Kč bez DPH;30/925403
1 850,00 Kč bez DPH;827/80313
200,00 Kč bez DPH;333/H5166
9 325,00 Kč bez DPH;332/C9403
23,00 Kč bez DPH;828/00369
304,00 Kč bez DPH;448/26303
1 785,00 Kč bez DPH;458/M2801
2 780,00 Kč bez DPH;910/60044-B
326,00 Kč bez DPH;332/A5642-B
557,00 Kč bez DPH;32/400101
81,00 Kč bez DPH;02/291041
235,00 Kč bez DPH;333/H5164
390,00 Kč bez DPH;333/H6019
42,00 Kč bez DPH;333/H6021
80,00 Kč bez DPH;333/H6023
4 359,00 Kč bez DPH;400/02155-D
2 924,00 Kč bez DPH;332/S5912-D
2 924,00 Kč bez DPH;331/65851-D
1 872,00 Kč bez DPH;128/H6835
3 837,00 Kč bez DPH;332/T3941
1 320,00 Kč bez DPH;32/925679P
5 850,00 Kč bez DPH;20/950511
2 023,00 Kč bez DPH;700/50155-C
3 716,00 Kč bez DPH;333/C5571-B
2 254,00 Kč bez DPH;333/U7084
6 350,00 Kč bez DPH;25/611005-D
na dotaz;648/01006
743,00 Kč bez DPH;916/50300-C
5 600,00 Kč bez DPH;334/E6181-D
12 479,00 Kč bez DPH;JRA0214P
3 806,00 Kč bez DPH;331/32868
10 186,00 Kč bez DPH;JAA0013
72,00 Kč bez DPH;331/16558-B
4 450,00 Kč bez DPH;333/G8781-D
3 550,00 Kč bez DPH;400/01129-D
6 691,00 Kč bez DPH;458/70031
5 626,00 Kč bez DPH;25/607233-D
402,00 Kč bez DPH;907/52900
2 202,00 Kč bez DPH;458/V6377-C
9 510,00 Kč bez DPH;454/16404-A
1 091,00 Kč bez DPH;17/401500-D
6 342,00 Kč bez DPH;331/40765-B
63 595,00 Kč bez DPH;831/10297
1 629,00 Kč bez DPH;914/36804-A
336,00 Kč bez DPH;4220/0406H400
1 112,00 Kč bez DPH;4220/0406H2
9 044,00 Kč bez DPH;41/940283
17 746,00 Kč bez DPH;02/802027-C
1 226,00 Kč bez DPH;331/19957
708,00 Kč bez DPH;10/905494-A
966,00 Kč bez DPH;903/20434-B
6 450,00 Kč bez DPH;JLH0126-D
4 746,00 Kč bez DPH;30/926000
232,00 Kč bez DPH;2401/0113
598,00 Kč bez DPH;332/E0830-Ž
624,00 Kč bez DPH;332/E0833-Ž
23,00 Kč bez DPH;320/08009
20 979,00 Kč bez DPH;25/223585
1 511,00 Kč bez DPH;02/200370P
1 018,00 Kč bez DPH;232/70104
131,00 Kč bez DPH;294/00674
328,00 Kč bez DPH;4003/2107-D
144,00 Kč bez DPH;02/630935-C
63 000,00 Kč bez DPH;25/222579-C
19 890,00 Kč bez DPH;334/F7253-D
3 200,00 Kč bez DPH;334/D4655-D
245,00 Kč bez DPH;904/20260-A
202,00 Kč bez DPH;904/20302-A
1 145,00 Kč bez DPH;716/30252
1 670,00 Kč bez DPH;910/60148-B
120,00 Kč bez DPH;158/30180-A
194,00 Kč bez DPH;162/03186-A
1 716,00 Kč bez DPH;701/80300-A
586,00 Kč bez DPH;332/C9086-C
1 484,00 Kč bez DPH;332/F0606-A
4 067,00 Kč bez DPH;32/925770-C
701,00 Kč bez DPH;32/917803-C
3 379,00 Kč bez DPH;333/K1995-A
6 770,00 Kč bez DPH;160/15137-D
802,00 Kč bez DPH;02/203184-A
1 870,00 Kč bez DPH;704/50107-C
43 548,00 Kč bez DPH;17/107600-C
231,00 Kč bez DPH;320/04907-B
714,00 Kč bez DPH;332/Z2202
3 626,00 Kč bez DPH;332/G3980
1 716,00 Kč bez DPH;595/10048
11 627,00 Kč bez DPH;320/02764-D
2 620,00 Kč bez DPH;728/H7755-H
34 500,00 Kč bez DPH;25/223578-D
1 180,00 Kč bez DPH;332/H1903
1 156,00 Kč bez DPH;332/H1125-C
926,00 Kč bez DPH;332/P5302
958,00 Kč bez DPH;332/P5300-D
1 398,00 Kč bez DPH;332/P5297-D
1 211,00 Kč bez DPH;332/P5299
770,00 Kč bez DPH;580/12117-C
221,00 Kč bez DPH;450/24303-C
170,00 Kč bez DPH;320/03069
860,00 Kč bez DPH;717/20264-D
79,00 Kč bez DPH;1316/3819-A
70,00 Kč bez DPH;1316/3815Z
1 104,00 Kč bez DPH;4004/0502-P
4 950,00 Kč bez DPH;20/201800-A
2 560,00 Kč bez DPH;904/20135-D
472,00 Kč bez DPH;714/40452-B
8 721,00 Kč bez DPH;32/925845-C
2 717,00 Kč bez DPH;714/40482-A
7 407,00 Kč bez DPH;914/60265-C
2 053,00 Kč bez DPH;161/00618
189,00 Kč bez DPH;700/50018-E
2 873,00 Kč bez DPH;991/20048
2 882,00 Kč bez DPH;333/F0085-B
67,00 Kč bez DPH;1403/0003
2 528,00 Kč bez DPH;02/631200-A
23 492,00 Kč bez DPH;559/60215-A
2 262,00 Kč bez DPH;400/E5712-C
137,00 Kč bez DPH;831/00117
96,00 Kč bez DPH;831/00132
125,00 Kč bez DPH;826/01080
10 500,00 Kč bez DPH;320/06016-A
1 211,00 Kč bez DPH;320/A6063-A
2 500,00 Kč bez DPH;25/996100-H
2 254,00 Kč bez DPH;333/U7081
1 064,00 Kč bez DPH;594/14300
23 312,00 Kč bez DPH;563/70126
779,00 Kč bez DPH;649/26100-D
831,00 Kč bez DPH;649/23100-D
5 307,00 Kč bez DPH;590/40208
3 707,00 Kč bez DPH;332/H3679-B
372,00 Kč bez DPH;828/J0008
21 170,00 Kč bez DPH;128/F4623-G
10 859,00 Kč bez DPH;128/F4623-A
255,00 Kč bez DPH;903/20774-A
8 658,00 Kč bez DPH;25/207300-C
1 438,00 Kč bez DPH;827/80380
992,00 Kč bez DPH;827/80284
568,00 Kč bez DPH;580/12119
1 649,00 Kč bez DPH;02/634101
713,00 Kč bez DPH;02/634144
1 947,00 Kč bez DPH;02/634173-C
18 667,00 Kč bez DPH;716/30172-D
463,00 Kč bez DPH;320/07416-B
1 394,00 Kč bez DPH;320/A7001-B
279,00 Kč bez DPH;121/13500
1 838,00 Kč bez DPH;334/G3689-B
34 159,00 Kč bez DPH;716/E2765-D
18 221,00 Kč bez DPH;30/304000-H
2 990,00 Kč bez DPH;02/631324
1 488,00 Kč bez DPH;32/925280-C
3 473,00 Kč bez DPH;25/222514P
970,00 Kč bez DPH;332/D5552
2 400,00 Kč bez DPH;25/974643
99,00 Kč bez DPH;826/01483P
2 180,00 Kč bez DPH;128/C9952-D
3 508,00 Kč bez DPH;Sada MINI-1
551,00 Kč bez DPH;400/R1475-H
899,00 Kč bez DPH;331/14893
93,00 Kč bez DPH;333/H5270
6 436,00 Kč bez DPH;716/30155
1 790,00 Kč bez DPH;459/M2874-A
255,00 Kč bez DPH;332/S6663-A
23 500,00 Kč bez DPH;401/Y7406-D
60 428,00 Kč bez DPH;333/D8984-D
1 050,00 Kč bez DPH;400/V1479-D
484,00 Kč bez DPH;401/R6531-D
1 650,00 Kč bez DPH;400/V1508-D
1 675,00 Kč bez DPH;701/E8986-D
3 291,00 Kč bez DPH;17/932200-C
2 174,00 Kč bez DPH;704/21600P
524,00 Kč bez DPH;02/802635-C
22 003,00 Kč bez DPH;332/F5668-B
1 854,00 Kč bez DPH;25/221847-D
461,00 Kč bez DPH;334/E1902-B
564,00 Kč bez DPH;334/E1901-B
964,00 Kč bez DPH;335/B5659-H
4 463,00 Kč bez DPH;334/L1924
43 382,00 Kč bez DPH;320/06165-D
355,00 Kč bez DPH;02/202978-C
147,00 Kč bez DPH;320/04409-A
4 834,00 Kč bez DPH;320/A7199-D
817,00 Kč bez DPH;320/B4394-D
1 105,00 Kč bez DPH;331/36009
333,00 Kč bez DPH;831/00114
2 730,00 Kč bez DPH;400/R1475-D
5 090,00 Kč bez DPH;332/X2913-D
7 673,00 Kč bez DPH;401/B9187-D
2 923,00 Kč bez DPH;811/50236
4 010,00 Kč bez DPH;128/11531
354,00 Kč bez DPH;440/07603
2 012,00 Kč bez DPH;717/14600
1 631,00 Kč bez DPH;320/08939-D
416,00 Kč bez DPH;191/00618
85,00 Kč bez DPH;1620/2051
172,00 Kč bez DPH;816/90009
178,00 Kč bez DPH;02/202901-C
262,00 Kč bez DPH;02/201396P
54 809,00 Kč bez DPH;20/925566-D
26 288,00 Kč bez DPH;333/D2342
769,00 Kč bez DPH;02/202912
19 797,00 Kč bez DPH;332/R7305-D
2 543,00 Kč bez DPH;332/H0887-A
2 453,00 Kč bez DPH;701/44200-A
683,00 Kč bez DPH;332/G6498
1 413,00 Kč bez DPH;332/G6390
5 765,00 Kč bez DPH;02/202485
1 842,00 Kč bez DPH;333/C5805-A
1 612,00 Kč bez DPH;333/C5794-A
806,00 Kč bez DPH;333/C5795-A
90,00 Kč bez DPH;231/80608
226,00 Kč bez DPH;701/20800-H
19 000,00 Kč bez DPH;332/V8520-D
2 907,00 Kč bez DPH;336/A8892
12 200,00 Kč bez DPH;123/04862P
882,00 Kč bez DPH;827/80315
6 479,00 Kč bez DPH;121/38101
1 166,00 Kč bez DPH;02/201452-C
690,00 Kč bez DPH;02/634106
3 082,00 Kč bez DPH;30/925410
433,00 Kč bez DPH;331/46788
186,00 Kč bez DPH;32/925423P
295,00 Kč bez DPH;921/53700
124,00 Kč bez DPH;32/912301
1 760,00 Kč bez DPH;333/F1048-D
12 374,00 Kč bez DPH;590/40771
6 330,00 Kč bez DPH;459/50411-A
22 000,00 Kč bez DPH;458/70000-C
519,00 Kč bez DPH;02/202999-C
20 318,00 Kč bez DPH;448/12700-D
30,00 Kč bez DPH;02/201410-B
372,00 Kč bez DPH;02/201406-A
990,00 Kč bez DPH;Model JCB 3C
4 776,00 Kč bez DPH;594/14055
9 775,00 Kč bez DPH;459/50411-D
25 332,00 Kč bez DPH;320/06825-C
30,00 Kč bez DPH;2401/0218
19,00 Kč bez DPH;2401/0314
165,00 Kč bez DPH;904/09000
13 212,00 Kč bez DPH;980/88424
1 712,00 Kč bez DPH;594/14026
22 083,00 Kč bez DPH;333/D2602-A
483,00 Kč bez DPH;332/X6963-D
6 886,00 Kč bez DPH;25/206700-D
135,00 Kč bez DPH;333/C4870
1 490,00 Kč bez DPH;834/11274-D
8 340,00 Kč bez DPH;335/F2537-D
3 990,00 Kč bez DPH;335/F2508-D
3 290,00 Kč bez DPH;333/H5152-D
666,00 Kč bez DPH;333/C4868
5 210,00 Kč bez DPH;333/H5778-C
766,00 Kč bez DPH;333/H5152-B
6 267,00 Kč bez DPH;511/53501
555,00 Kč bez DPH;331/43484-B
656,00 Kč bez DPH;701/80479-C
193,00 Kč bez DPH;336/B4585
141,00 Kč bez DPH;336/B4579
2 250,00 Kč bez DPH;333/D1602
152,00 Kč bez DPH;333/D1736-C
17,00 Kč bez DPH;333/D1543-C
235,00 Kč bez DPH;333/D1540
137,00 Kč bez DPH;333/D1743-C
69,00 Kč bez DPH;333/D1567-C
413,00 Kč bez DPH;17/912400-AC1
9 100,00 Kč bez DPH;704/34200-D
352,00 Kč bez DPH;162/02338
1 106,00 Kč bez DPH;332/A9108-B
4 393,00 Kč bez DPH;450/16900
24 752,00 Kč bez DPH;30/925816
4 051,00 Kč bez DPH;333/D1531-C
343,00 Kč bez DPH;231/33802
40 285,00 Kč bez DPH;20/925588-C
2 831,00 Kč bez DPH;336/A4108-C
4 704,00 Kč bez DPH;20/205200
9 945,00 Kč bez DPH;30/919100
3 830,00 Kč bez DPH;331/49768
3 353,00 Kč bez DPH;332/A3063
357,00 Kč bez DPH;834/11573
361,00 Kč bez DPH;333/C6860
85,00 Kč bez DPH;826/10575
1 712,00 Kč bez DPH;594/14025
1 171,00 Kč bez DPH;333/L9092
2 244,00 Kč bez DPH;25/223075
2 123,00 Kč bez DPH;331/27955
72,00 Kč bez DPH;333/D1532-C
72,00 Kč bez DPH;333/D1536-C
72,00 Kč bez DPH;333/D1534-C
67,00 Kč bez DPH;333/D1535-C
706,00 Kč bez DPH;332/Z2198
847,00 Kč bez DPH;332/Z2205
2 559,00 Kč bez DPH;331/38936
135,00 Kč bez DPH;333/C4803
892,00 Kč bez DPH;331/62521
811,00 Kč bez DPH;02/634783-C
621,00 Kč bez DPH;02/630868-A
71,00 Kč bez DPH;02/630142
71,00 Kč bez DPH;02/630147
5 104,00 Kč bez DPH;141/01102
770,00 Kč bez DPH;320/07355-A
140,00 Kč bez DPH;02/203012
728,00 Kč bez DPH;333/C4802
539,00 Kč bez DPH;32/909000
3 840,00 Kč bez DPH;400/X4858-C
3 844,00 Kč bez DPH;274/00372
6 848,00 Kč bez DPH;274/00371
2 391,00 Kč bez DPH;595/10027
7 280,00 Kč bez DPH;32/925768
501,00 Kč bez DPH;649/51866
808,00 Kč bez DPH;649/51944
215,00 Kč bez DPH;332/E3205
3 572,00 Kč bez DPH;32/902303-D
130,00 Kč bez DPH;2302/0151P
43,00 Kč bez DPH;2411/8604P
687,00 Kč bez DPH;333/K8611-B
4 979,00 Kč bez DPH;332/R9701-D
4 590,00 Kč bez DPH;25/222687-D
5 850,00 Kč bez DPH;25/617205
190,00 Kč bez DPH;320/04730-D
2 561,00 Kč bez DPH;332/F9519
4 763,00 Kč bez DPH;15/910700-D
5 999,00 Kč bez DPH;30/921200-B
1 638,00 Kč bez DPH;233/02301-B
2 416,00 Kč bez DPH;704/24400-D
543,00 Kč bez DPH;EV23AD
331,00 Kč bez DPH;45/910700
704,00 Kč bez DPH;45/916200
985,00 Kč bez DPH;45/908400-C
1 480,00 Kč bez DPH;02/631326
610,00 Kč bez DPH;45/910300
8 012,00 Kč bez DPH;332/H1144-C
4 120,00 Kč bez DPH;233/02401-B
715,00 Kč bez DPH;331/32691
369,00 Kč bez DPH;331/32692
1 900,00 Kč bez DPH;290/50300
58 262,00 Kč bez DPH;20/925564-A
1 890,00 Kč bez DPH;332/T2567-D
6 090,00 Kč bez DPH;25/221494-C
432,00 Kč bez DPH;32/908400
861,00 Kč bez DPH;128/C0216-D
14 720,00 Kč bez DPH;334/V8527
563,00 Kč bez DPH;32/925379
9 429,00 Kč bez DPH;35/408300
2 685,00 Kč bez DPH;02/290023-A
172,00 Kč bez DPH;KHV0117SP
20 744,00 Kč bez DPH;20/925339-C
2 048,00 Kč bez DPH;333/E3685
250,00 Kč bez DPH;32/925413-B
49 278,00 Kč bez DPH;20/951287
29,00 Kč bez DPH;332/D9617
798,00 Kč bez DPH;332/D9619-D
3 732,00 Kč bez DPH;Sada MINI-4
12 293,00 Kč bez DPH;Sada MINI-3
1 314,00 Kč bez DPH;Sada MINI-R1
1 801,00 Kč bez DPH;Sada MINI-R
3 036,00 Kč bez DPH;123/02120-B
42,00 Kč bez DPH;333/R2566
3 396,00 Kč bez DPH;Sada MINI-2
39,00 Kč bez DPH;814/00201
4 710,00 Kč bez DPH;331/49334
4 710,00 Kč bez DPH;331/49335
30 376,00 Kč bez DPH;400x72,5x74N
288,00 Kč bez DPH;234/07004
214,00 Kč bez DPH;234/07003
1 852,00 Kč bez DPH;332/E6099-B
303,00 Kč bez DPH;1758/0606-D
543,00 Kč bez DPH;331/37825
273,00 Kč bez DPH;02/192094
19 900,00 Kč bez DPH;30/204800
4 800,00 Kč bez DPH;02/201303
2 402,00 Kč bez DPH;331/39047
2 845,00 Kč bez DPH;333/E0268-D
863,00 Kč bez DPH;333/E0268-B
931,00 Kč bez DPH;331/31574-A
137,00 Kč bez DPH;231/83302-D
2 192,00 Kč bez DPH;332/Z2176-B
1 374,00 Kč bez DPH;334/D2895-D
322,00 Kč bez DPH;333/R0175
897,00 Kč bez DPH;Sada MINI-E
1 263,00 Kč bez DPH;Sada 3CX-PSHOP
13 455,00 Kč bez DPH;41/907400-A
5 538,00 Kč bez DPH;02/631200-C
125,00 Kč bez DPH;826/10412
533,00 Kč bez DPH;332/T1633P
13 900,00 Kč bez DPH;20/917000-A
222,00 Kč bez DPH;809/00164
6 608,00 Kč bez DPH;320/09337-D
2 686,00 Kč bez DPH;320/09336-D
2 039,00 Kč bez DPH;320/09335-D
3 294,00 Kč bez DPH;320/09340-G
1 090,00 Kč bez DPH;320/032712-G
1 090,00 Kč bez DPH;320/032711-G
713,00 Kč bez DPH;320/09299-D
199,00 Kč bez DPH;816/13318
27,00 Kč bez DPH;320/00805
31,00 Kč bez DPH;32/925906
1 145,00 Kč bez DPH;595/10035
1 430,00 Kč bez DPH;332/V8561
1 097,00 Kč bez DPH;332/W3827
1 073,00 Kč bez DPH;910/34600
7 780,00 Kč bez DPH;827/60102
6 468,00 Kč bez DPH;230x48x62
390,00 Kč bez DPH;02/630338
73,00 Kč bez DPH;02/203009
370,00 Kč bez DPH;02/634229
331,00 Kč bez DPH;04/500204
925,00 Kč bez DPH;331/51830-D
836,00 Kč bez DPH;331/48082-D
1 967,00 Kč bez DPH;903/20916
10 240,00 Kč bez DPH;30/912000
93,00 Kč bez DPH;334/T9590-D
1 966,00 Kč bez DPH;02/630611-A
690,00 Kč bez DPH;910/28200
190,00 Kč bez DPH;828/10131
2 237,00 Kč bez DPH;45/920098P
2 760,00 Kč bez DPH;320/08550-D
3 900,00 Kč bez DPH;827/80447
9 100,00 Kč bez DPH;25/222125-C
36,00 Kč bez DPH;826/11384
2 800,00 Kč bez DPH;332/H0895-A
1 890,00 Kč bez DPH;477/00922-C
72,00 Kč bez DPH;700/50075
12 390,00 Kč bez DPH;914/30900-C
3 600,00 Kč bez DPH;714/03400
120,00 Kč bez DPH;813/00185
1 635,00 Kč bez DPH;983/11155
1 190,00 Kč bez DPH;459/70332
1 737,00 Kč bez DPH;320/09382-B
523,00 Kč bez DPH;123/06144P
293,00 Kč bez DPH;817/19661
7 290,00 Kč bez DPH;128/C4373-D
1 528,00 Kč bez DPH;458/20894
149,00 Kč bez DPH;02/201694
360,00 Kč bez DPH;159/69916
590,00 Kč bez DPH;159/69913-H
497,00 Kč bez DPH;159/69900-H
350,00 Kč bez DPH;159/69915-H
407,00 Kč bez DPH;159/69899
12 500,00 Kč bez DPH;834/00733
101,00 Kč bez DPH;1209/0023
127,00 Kč bez DPH;1209/0026
1 608,00 Kč bez DPH;808/00136
290,00 Kč bez DPH;1211/0018
6 590,00 Kč bez DPH;331/22431
99,00 Kč bez DPH;817/17871
2 298,00 Kč bez DPH;02/630830-D
49 000,00 Kč bez DPH;333/D1754-C
1 890,00 Kč bez DPH;333/D1753-C
25 500,00 Kč bez DPH;333/D1751-D
740,00 Kč bez DPH;332/X2638-B
1 037,00 Kč bez DPH;331/28462-C
1 059,00 Kč bez DPH;231/83305-D
na dotaz;231/84302
710,00 Kč bez DPH;331/13337
5 500,00 Kč bez DPH;234/60076-C
5 500,00 Kč bez DPH;234/60075-C
5 259,00 Kč bez DPH;334/F7253-A
4 770,00 Kč bez DPH;123/06667
990,00 Kč bez DPH;331/20377-B
600,00 Kč bez DPH;334/F5835
1 450,00 Kč bez DPH;913/10082
830,00 Kč bez DPH;334/U3496-D
1 890,00 Kč bez DPH;02/900064
5 990,00 Kč bez DPH;827/30523
790,00 Kč bez DPH;991/00132
331,00 Kč bez DPH;904/20254
326,00 Kč bez DPH;904/20255
60 397,00 Kč bez DPH;334/F6978-D
1 244,00 Kč bez DPH;903/20405
41 440,00 Kč bez DPH;320/06738P
15,00 Kč bez DPH;828/00349
1 360,00 Kč bez DPH;445/19802
216,00 Kč bez DPH;290/00457
503,00 Kč bez DPH;904/14800
289,00 Kč bez DPH;904/14700
33,00 Kč bez DPH;826/01714-A
175,00 Kč bez DPH;162/02680
61,00 Kč bez DPH;826/01744S
8 490,00 Kč bez DPH;320/02763-D
260,00 Kč bez DPH;331/25505
76,00 Kč bez DPH;332/C4909
14 400,00 Kč bez DPH;714/40393
590,00 Kč bez DPH;811/90488
567,00 Kč bez DPH;331/11383P
180,00 Kč bez DPH;02/290006
174,00 Kč bez DPH;KHV0114
7 490,00 Kč bez DPH;477/00904-C
4 158,00 Kč bez DPH;716/D2729
1 600,00 Kč bez DPH;914/83304-B
699,00 Kč bez DPH;32/925541P
1 075,00 Kč bez DPH;45/920067-C
850,00 Kč bez DPH;45/920066-C
59,00 Kč bez DPH;32/921003S
1 320,00 Kč bez DPH;910/35300
1 190,00 Kč bez DPH;331/46320
1 119,00 Kč bez DPH;231/02002
390,00 Kč bez DPH;333/C3202
376,00 Kč bez DPH;333/C3198
176,00 Kč bez DPH;445/05114-C
325,00 Kč bez DPH;333/H5638
197,00 Kč bez DPH;333/H5636
45,00 Kč bez DPH;333/H5269
999,00 Kč bez DPH;400/F0345-D
999,00 Kč bez DPH;400/F0343-D
3 060,00 Kč bez DPH;Valvoline All Fleet-20L
2 420,00 Kč bez DPH;GEAR TRANSMISSION-20L
900,00 Kč bez DPH;811/50321
3 291,00 Kč bez DPH;450/12702-C
24 600,00 Kč bez DPH;336/B8827-C
6 045,00 Kč bez DPH;334/D2209-C
1 400,00 Kč bez DPH;450/10206-D
5 396,00 Kč bez DPH;450/10205-C
1 392,00 Kč bez DPH;333/X7708
4 628,00 Kč bez DPH;333/X2747-D
2 800,00 Kč bez DPH;30/925559-C
5 757,00 Kč bez DPH;233/26600-B
810,00 Kč bez DPH;32/920101-G
277,00 Kč bez DPH;580/12023-D
159,00 Kč bez DPH;829/30940
1 290,00 Kč bez DPH;02/100540A
8 919,00 Kč bez DPH;40/910975-D
1 418,00 Kč bez DPH;331/47281-C
169,00 Kč bez DPH;162/03187
811,00 Kč bez DPH;811/50426
390,00 Kč bez DPH;648/02902
4 900,00 Kč bez DPH;15/915204-C
591,00 Kč bez DPH;331/56478-B
748,00 Kč bez DPH;701/80457-C
2 020,00 Kč bez DPH;331/19010
2 430,00 Kč bez DPH;892/00913-D
4 708,00 Kč bez DPH;335/A2822-C
740,00 Kč bez DPH;32/925510-C
876,00 Kč bez DPH;45/910200
260,00 Kč bez DPH;02/202946S
2 471,00 Kč bez DPH;332/E4161-C
1 765,00 Kč bez DPH;335/04039
14 360,00 Kč bez DPH;25/222892-D
14 900,00 Kč bez DPH;25/222891-D
50,00 Kč bez DPH;1316/3715D
1 180,00 Kč bez DPH;17/919706-A
8 230,00 Kč bez DPH;17/919706-C
66,00 Kč bez DPH;JHP0037
685,00 Kč bez DPH;KRV1162-D
651,00 Kč bez DPH;332/F3384-C
132,00 Kč bez DPH;02/100579
1 990,00 Kč bez DPH;02/201834-C
2 109,00 Kč bez DPH;02/201833-C
1 990,00 Kč bez DPH;02/201832-C
2 060,00 Kč bez DPH;02/102075-C
790,00 Kč bez DPH;02/102075
350,00 Kč bez DPH;334/H4531
250,00 Kč bez DPH;809/00104
660,00 Kč bez DPH;811/50394
390,00 Kč bez DPH;811/50489
2 910,00 Kč bez DPH;02/634925
2 312,00 Kč bez DPH;02/634926
1 150,00 Kč bez DPH;JRA0101
7 450,00 Kč bez DPH;230x96X31
2 294,00 Kč bez DPH;333/E5760-B
1 220,00 Kč bez DPH;17/105702-C
689,00 Kč bez DPH;834/11566-A
7 096,00 Kč bez DPH;123/02107
57 473,00 Kč bez DPH;320/06168-D
334,00 Kč bez DPH;17/105221SP
1 266,00 Kč bez DPH;128/C1230
2 244,00 Kč bez DPH;Sada 3CX/4CX-T2/3-A
2 129,00 Kč bez DPH;332/T3747
4 336,00 Kč bez DPH;Brzdy-3/4 CX
698,00 Kč bez DPH;333/H6555-H
4 612,00 Kč bez DPH;998/10040
58,00 Kč bez DPH;826/00923-A
623,00 Kč bez DPH;332/E0833-A
629,00 Kč bez DPH;332/E0830-A
69,00 Kč bez DPH;904/10200
4 823,00 Kč bez DPH;453/26700-T
4 823,00 Kč bez DPH;453/29000-T
623,00 Kč bez DPH;320/07678-B
130,00 Kč bez DPH;02/291252-C
990,00 Kč bez DPH;334/U3331
364,00 Kč bez DPH;400/D1099-B
255,00 Kč bez DPH;400/D0664-B
352,00 Kč bez DPH;400/D0425-B
197,00 Kč bez DPH;331/34878P
6 577,00 Kč bez DPH;125/35200-B
10 865,00 Kč bez DPH;125/35200-A
3 015,00 Kč bez DPH;332/T8002
250,00 Kč bez DPH;123/00529
109,00 Kč bez DPH;02/201137
139,00 Kč bez DPH;02/201255
29,00 Kč bez DPH;02/201712
139,00 Kč bez DPH;25/222305
68,00 Kč bez DPH;2411/8608
43 541,00 Kč bez DPH;331/21574
19,00 Kč bez DPH;JSA0038P
26,00 Kč bez DPH;JRA0102 P
131,00 Kč bez DPH;2411/1135P
220,00 Kč bez DPH;25/944001P
15,00 Kč bez DPH;1370/0702Z
104,00 Kč bez DPH;2407/0227SP
271,00 Kč bez DPH;25/974633
1 899,00 Kč bez DPH;17/112200
1 290,00 Kč bez DPH;02/202920
2 876,00 Kč bez DPH;02/202920-C
7 640,00 Kč bez DPH;991/20051-D
na dotaz;991/20051
948,00 Kč bez DPH;400/S3436-B
202,00 Kč bez DPH;400/B8174
655,00 Kč bez DPH;400/D0389-B
936,00 Kč bez DPH;331/43229-C
3 082,00 Kč bez DPH;333/H5962-D
360,00 Kč bez DPH;02/630593
564,00 Kč bez DPH;320/068371
79,00 Kč bez DPH;823/00405
390,00 Kč bez DPH;231/63003
687,00 Kč bez DPH;231/80613
874,00 Kč bez DPH;231/80606
1 720,00 Kč bez DPH;649/47700-D
527,00 Kč bez DPH;32/925630
9 275,00 Kč bez DPH;914/60289-C
11 280,00 Kč bez DPH;02/802574
1 050,00 Kč bez DPH;331/38160
na dotaz;02/802575
390,00 Kč bez DPH;02/802361-C
101,00 Kč bez DPH;817/17920P
100,00 Kč bez DPH;332/G3450
21 628,00 Kč bez DPH;128/10855P
49 900,00 Kč bez DPH;20/925829-D
4 801,00 Kč bez DPH;333/C4920-B
18 690,00 Kč bez DPH;716/30281-D
916,00 Kč bez DPH;332/W3719-B
3 150,00 Kč bez DPH;331/43020-D
177,00 Kč bez DPH;581/R5206
2 790,00 Kč bez DPH;141/18300
761,00 Kč bez DPH;334/F3918-B
320,00 Kč bez DPH;320/06398-A
5 740,00 Kč bez DPH;332/G7291-D
5 200,00 Kč bez DPH;02/631300
3 669,00 Kč bez DPH;714/12500-C
2 450,00 Kč bez DPH;332/F8506
720,00 Kč bez DPH;320/03270-A
198,00 Kč bez DPH;700/21000
1 907,00 Kč bez DPH;331/39036
1 490,00 Kč bez DPH;903/14801P
na dotaz;Mini ramena
159,00 Kč bez DPH;122/67479-B
1 260,00 Kč bez DPH;827/20264
2 850,00 Kč bez DPH;332/G0505
3 021,00 Kč bez DPH;334/L6678-D
179,00 Kč bez DPH;331/48082-B
229,00 Kč bez DPH;331/51830-B
5 100,00 Kč bez DPH;914/60117-A
2 935,00 Kč bez DPH;331/11963
6 895,00 Kč bez DPH;914/87701
521,00 Kč bez DPH;991/20004
10 400,00 Kč bez DPH;332/C4149-B
4 090,00 Kč bez DPH;332/C4149-A
491,00 Kč bez DPH;333/V0825-A
1 660,00 Kč bez DPH;10/301046-D
780,00 Kč bez DPH;333/V0825-D
2 693,00 Kč bez DPH;Sada 3CX/4CX-Ti4-A
9 642,00 Kč bez DPH;Sada 3CX/4CX-Ti4
1 120,00 Kč bez DPH;30/926471-C
1 420,00 Kč bez DPH;05/903809
211,00 Kč bez DPH;332/G9527
39,00 Kč bez DPH;826/01080-B
70,00 Kč bez DPH;826/01551SP
521,00 Kč bez DPH;333/K5769P
779,00 Kč bez DPH;594/14130
14 483,00 Kč bez DPH;332/C5000P
109,00 Kč bez DPH;826/01084
195,00 Kč bez DPH;828/00388
5 400,00 Kč bez DPH;30/925399-A
882,00 Kč bez DPH;983/10317
395,00 Kč bez DPH;826/01553-D
75,00 Kč bez DPH;826/01592-D
99,00 Kč bez DPH;02/200039-A
1 440,00 Kč bez DPH;B-Výsuv
82,00 Kč bez DPH;320/04890-A
3 650,00 Kč bez DPH;335/02900-C
2 450,00 Kč bez DPH;335/02899-A
767,00 Kč bez DPH;701/37702-A
2 333,00 Kč bez DPH;334/R7608
16 200,00 Kč bez DPH;545/82129
4 990,00 Kč bez DPH;811/30070-A
3 350,00 Kč bez DPH;02/800676-B
49 000,00 Kč bez DPH;332/R5881-D
2 150,00 Kč bez DPH;827/80236
575,00 Kč bez DPH;811/90218
105,00 Kč bez DPH;02/630589
290,00 Kč bez DPH;04/500502
1 950,00 Kč bez DPH;333/W8219-B
1 258,00 Kč bez DPH;700/50184-C
1 107,00 Kč bez DPH;320/03133
4 040,00 Kč bez DPH;400/A6051-D
21 900,00 Kč bez DPH;30/926806
978,00 Kč bez DPH;910/60283-B
1 258,00 Kč bez DPH;700/50183-C
280,00 Kč bez DPH;808/00335
129,00 Kč bez DPH;813/M2979-A
147,00 Kč bez DPH;829/30974
239,00 Kč bez DPH;826/00670
823,00 Kč bez DPH;141/00654
595,00 Kč bez DPH;02/634833-C
1 550,00 Kč bez DPH;334/F4172-C
4 786,00 Kč bez DPH;331/69020
1 391,00 Kč bez DPH;128/C0600-D
295,00 Kč bez DPH;809/00105
na dotaz;05/903812
119,00 Kč bez DPH;05/903807
1 310,00 Kč bez DPH;700/50158-C
7 565,00 Kč bez DPH;714/40088
8 795,00 Kč bez DPH;401/L0100
3 790,00 Kč bez DPH;331/44573
1 738,00 Kč bez DPH;333/C9425-A
2 150,00 Kč bez DPH;834/10579-D
1 194,00 Kč bez DPH;700/50157-C
1 450,00 Kč bez DPH;JRA0106
550,00 Kč bez DPH;123/03154-D
3 650,00 Kč bez DPH;827/50140
5 980,00 Kč bez DPH;02/630609-C
915,00 Kč bez DPH;121/59400-A
1 520,00 Kč bez DPH;25/973414-D
2 040,00 Kč bez DPH;25/973413-D
1 820,00 Kč bez DPH;25/973416-D
37,00 Kč bez DPH;701/58832
na dotaz;17/927203
69,00 Kč bez DPH;716/16400
69,00 Kč bez DPH;716/30081
69,00 Kč bez DPH;716/15900
2 990,00 Kč bez DPH;704/19705
1 460,00 Kč bez DPH;993/44500
1 883,00 Kč bez DPH;320/00831
12 193,00 Kč bez DPH;334/D9781
280,00 Kč bez DPH;809/00110
860,00 Kč bez DPH;811/20058
4 990,00 Kč bez DPH;290/00228-C
1 190,00 Kč bez DPH;25/974631S
20 000,00 Kč bez DPH;20/917000-D
944,00 Kč bez DPH;992/11300-D2
1 790,00 Kč bez DPH;123/00903
343,00 Kč bez DPH;991/00014
220,00 Kč bez DPH;320/09209-A
1 290,00 Kč bez DPH;128/P0030-D
2 312,00 Kč bez DPH;335/13134
2 250,00 Kč bez DPH;335/A4438
1 980,00 Kč bez DPH;811/90735
890,00 Kč bez DPH;02/803048-D
25,00 Kč bez DPH;828/00232
29,00 Kč bez DPH;828/00155
96,00 Kč bez DPH;828/00238P
189,00 Kč bez DPH;830/00314
49,00 Kč bez DPH;828/00096P
31,00 Kč bez DPH;829/30973
198,00 Kč bez DPH;828/00137
790,00 Kč bez DPH;45/920048
1 053,00 Kč bez DPH;45/920047
31,00 Kč bez DPH;828/10222
12 980,00 Kč bez DPH;BG100-CAT302
5 790,00 Kč bez DPH;716/30263
29,00 Kč bez DPH;828/00231SP
25,00 Kč bez DPH;828/00412
10 662,00 Kč bez DPH;458/M4228P
7 200,00 Kč bez DPH;32/925684
168,00 Kč bez DPH;320/00917-D
54,00 Kč bez DPH;320/01772
2 390,00 Kč bez DPH;649/24400
5 650,00 Kč bez DPH;453/07802
29,00 Kč bez DPH;826/01343
1 266,00 Kč bez DPH;453/01807
600,00 Kč bez DPH;236/05130
7 801,00 Kč bez DPH;Sada 3CX/4CX-T2/3
390,00 Kč bez DPH;331/42828
860,00 Kč bez DPH;331/38811
2 831,00 Kč bez DPH;333/T7370-B
